https://github.com/OCA/web,web
https://github.com/OCA/partner-contact,partner-contact
https://github.com/OCA/hr,hr
https://github.com/OCA/server-tools,server-tools
https://github.com/OCA/social,social
https://github.com/OCA/bank-payment,bank-payment
https://github.com/OCA/stock-logistics-warehouse,stock-logistics-warehouse
https://github.com/OCA/contract,contract
https://github.com/OCA/event,event
https://github.com/OCA/account-financial-tools,account-financial-tools
https://github.com/OCA/website,website
https://github.com/OCA/server-auth,server-auth
https://github.com/OCA/knowledge,knowledge
https://github.com/OCA/hr-timesheet,hr-timesheet
https://github.com/OCA/timesheet,timesheet
https://github.com/OCA/pos,pos
https://github.com/OCA/delivery-carrier,delivery-carrier
https://github.com/OCA/stock-logistics-reporting,stock-logistics-reporting
https://github.com/OCA/e-commerce,e-commerce
https://github.com/OCA/sale-workflow,sale-workflow
https://github.com/OCA/purchase-workflow,purchase-workflow
https://github.com/OCA/stock-logistics-workflow,stock-logistics-workflow
https://github.com/OCA/product-attribute,product-attribute
https://github.com/OCA/currency,currency
https://github.com/OCA/account-invoicing,account-invoicing
https://github.com/OCA/multi-company,multi-company
https://github.com/OCA/account-reconcile,account-reconcile
https://github.com/OCA/bank-statement-import,bank-statement-import
https://github.com/OCA/project,project
https://github.com/OCA/account-financial-reporting,account-financial-reporting
https://github.com/OCA/account-payment,account-payment
https://github.com/OCA/vertical-hotel,vertical-hotel
https://github.com/OCA/manufacture,manufacture
https://github.com/OCA/ddmrp,ddmrp
https://github.com/OCA/credit-control,credit-control
https://github.com/OCA/commission,commission
https://github.com/OCA/account-invoice-reporting,account-invoice-reporting
https://github.com/OCA/mis-builder,mis-builder
https://github.com/OCA/field-service,field-service
https://github.com/OCA/connector-telephony,connector-telephony
https://github.com/OCA/account-closing,account-closing
https://github.com/OCA/queue,queue
https://github.com/OCA/account-analytic,account-analytic
https://github.com/OCA/manufacture-reporting,manufacture-reporting
https://github.com/OCA/crm,crm
https://github.com/OCA/sale-reporting,sale-reporting
https://github.com/OCA/website-cms,website-cms
https://github.com/OCA/server-ux,server-ux
https://github.com/OCA/management-system,management-system
https://github.com/OCA/helpdesk,helpdesk
https://github.com/OCA/purchase-reporting,purchase-reporting
https://github.com/OCA/project-reporting,project-reporting
https://github.com/OCA/data-protection,data-protection
https://github.com/OCA/geospatial,geospatial
https://github.com/OCA/connector,connector
https://github.com/OCA/vertical-association,vertical-association
https://github.com/OCA/survey,survey
https://github.com/OCA/server-backend,server-backend
https://github.com/OCA/report-print-send,report-print-send
https://github.com/OCA/stock-logistics-transport,stock-logistics-transport
https://github.com/openeducat/openeducat_erp,openeducat_erp
https://github.com/odoomates/odooapps,odooapps
https://github.com/CybroOdoo/CybroAddons,CybroAddons
https://github.com/it-projects-llc/website-addons,website-addons